Repo,Type,Period,ReleaseCount
daangn/seed-design,Daily,2021-10-15,4
daangn/seed-design,Daily,2022-03-10,1
daangn/seed-design,Daily,2022-10-07,1
daangn/seed-design,Daily,2022-11-18,2
daangn/seed-design,Daily,2022-11-24,4
daangn/seed-design,Daily,2022-11-25,4
daangn/seed-design,Daily,2022-11-29,2
daangn/seed-design,Daily,2022-12-08,3
daangn/seed-design,Daily,2022-12-09,2
daangn/seed-design,Daily,2023-01-18,2
daangn/seed-design,Daily,2023-02-09,6
daangn/seed-design,Daily,2023-02-13,2
daangn/seed-design,Daily,2023-02-14,1
daangn/seed-design,Daily,2023-02-17,2
daangn/seed-design,Daily,2023-02-20,3
daangn/seed-design,Daily,2023-02-21,1
daangn/seed-design,Daily,2023-02-23,1
daangn/seed-design,Daily,2023-03-09,1
daangn/seed-design,Daily,2023-03-10,1
daangn/seed-design,Daily,2023-04-14,1
daangn/seed-design,Daily,2023-04-19,2
daangn/seed-design,Daily,2023-04-25,1
daangn/seed-design,Daily,2023-05-23,1
daangn/seed-design,Daily,2023-07-05,1
daangn/seed-design,Daily,2023-07-17,1
daangn/seed-design,Daily,2023-07-31,1
daangn/seed-design,Daily,2024-01-29,1
daangn/seed-design,Daily,2025-02-19,17
daangn/seed-design,Daily,2025-02-20,8
daangn/seed-design,Daily,2025-02-25,31
daangn/seed-design,Daily,2025-03-04,8
daangn/seed-design,Daily,2025-03-05,6
daangn/seed-design,Daily,2025-03-10,7
daangn/seed-design,Daily,2025-03-14,16
daangn/seed-design,Daily,2025-03-18,8
daangn/seed-design,Daily,2025-03-25,1
daangn/seed-design,Daily,2025-04-07,1
daangn/seed-design,Daily,2025-04-17,9
daangn/seed-design,Daily,2025-04-18,9
daangn/seed-design,Daily,2025-04-22,18
daangn/seed-design,Daily,2025-04-23,10
daangn/seed-design,Daily,2025-04-24,2
daangn/seed-design,Daily,2025-04-28,29
daangn/seed-design,Daily,2025-04-29,2
daangn/seed-design,Daily,2025-05-02,8
daangn/seed-design,Daily,2025-05-08,9
daangn/seed-design,Daily,2025-05-19,9
daangn/seed-design,Daily,2025-05-21,4
daangn/seed-design,Daily,2025-05-29,31
daangn/seed-design,Daily,2025-05-30,22
daangn/seed-design,Weekly,2021-W42,4
daangn/seed-design,Weekly,2022-W11,1
daangn/seed-design,Weekly,2022-W41,1
daangn/seed-design,Weekly,2022-W47,2
daangn/seed-design,Weekly,2022-W48,8
daangn/seed-design,Weekly,2022-W49,2
daangn/seed-design,Weekly,2022-W50,5
daangn/seed-design,Weekly,2023-W10,2
daangn/seed-design,Weekly,2023-W15,1
daangn/seed-design,Weekly,2023-W16,2
daangn/seed-design,Weekly,2023-W17,1
daangn/seed-design,Weekly,2023-W21,1
daangn/seed-design,Weekly,2023-W27,1
daangn/seed-design,Weekly,2023-W29,1
daangn/seed-design,Weekly,2023-W3,2
daangn/seed-design,Weekly,2023-W31,1
daangn/seed-design,Weekly,2023-W6,6
daangn/seed-design,Weekly,2023-W7,5
daangn/seed-design,Weekly,2023-W8,5
daangn/seed-design,Weekly,2024-W5,1
daangn/seed-design,Weekly,2025-W10,14
daangn/seed-design,Weekly,2025-W11,23
daangn/seed-design,Weekly,2025-W12,8
daangn/seed-design,Weekly,2025-W13,1
daangn/seed-design,Weekly,2025-W15,1
daangn/seed-design,Weekly,2025-W16,18
daangn/seed-design,Weekly,2025-W17,30
daangn/seed-design,Weekly,2025-W18,39
daangn/seed-design,Weekly,2025-W19,9
daangn/seed-design,Weekly,2025-W21,13
daangn/seed-design,Weekly,2025-W22,53
daangn/seed-design,Weekly,2025-W8,25
daangn/seed-design,Weekly,2025-W9,31
daangn/seed-design,Yearly,2021,4
daangn/seed-design,Yearly,2022,19
daangn/seed-design,Yearly,2023,28
daangn/seed-design,Yearly,2024,1
daangn/seed-design,Yearly,2025,265
daangn/stackflow,Daily,2023-12-01,1
daangn/stackflow,Daily,2023-12-22,15
daangn/stackflow,Daily,2024-01-16,2
daangn/stackflow,Daily,2024-01-22,1
daangn/stackflow,Daily,2024-01-23,1
daangn/stackflow,Daily,2024-01-30,13
daangn/stackflow,Daily,2024-02-13,10
daangn/stackflow,Daily,2024-05-22,2
daangn/stackflow,Daily,2024-05-24,1
daangn/stackflow,Daily,2024-05-28,1
daangn/stackflow,Daily,2024-07-09,2
daangn/stackflow,Daily,2024-07-22,14
daangn/stackflow,Daily,2024-07-23,1
daangn/stackflow,Daily,2024-07-24,1
daangn/stackflow,Daily,2024-07-25,14
daangn/stackflow,Daily,2024-07-31,12
daangn/stackflow,Daily,2024-08-02,2
daangn/stackflow,Daily,2024-08-08,5
daangn/stackflow,Daily,2024-08-14,15
daangn/stackflow,Daily,2024-08-21,1
daangn/stackflow,Daily,2024-09-03,10
daangn/stackflow,Daily,2024-09-11,1
daangn/stackflow,Daily,2024-09-26,5
daangn/stackflow,Daily,2024-10-23,1
daangn/stackflow,Daily,2024-11-08,1
daangn/stackflow,Daily,2024-11-19,1
daangn/stackflow,Daily,2024-12-18,4
daangn/stackflow,Daily,2025-01-22,5
daangn/stackflow,Daily,2025-02-14,3
daangn/stackflow,Daily,2025-02-24,1
daangn/stackflow,Daily,2025-03-14,2
daangn/stackflow,Daily,2025-03-27,2
daangn/stackflow,Daily,2025-04-09,2
daangn/stackflow,Daily,2025-05-12,1
daangn/stackflow,Daily,2025-05-15,2
daangn/stackflow,Daily,2025-05-29,2
daangn/stackflow,Weekly,2023-W48,1
daangn/stackflow,Weekly,2023-W51,15
daangn/stackflow,Weekly,2024-W21,3
daangn/stackflow,Weekly,2024-W22,1
daangn/stackflow,Weekly,2024-W28,2
daangn/stackflow,Weekly,2024-W3,2
daangn/stackflow,Weekly,2024-W30,30
daangn/stackflow,Weekly,2024-W31,14
daangn/stackflow,Weekly,2024-W32,5
daangn/stackflow,Weekly,2024-W33,15
daangn/stackflow,Weekly,2024-W34,1
daangn/stackflow,Weekly,2024-W36,10
daangn/stackflow,Weekly,2024-W37,1
daangn/stackflow,Weekly,2024-W39,5
daangn/stackflow,Weekly,2024-W4,2
daangn/stackflow,Weekly,2024-W43,1
daangn/stackflow,Weekly,2024-W45,1
daangn/stackflow,Weekly,2024-W47,1
daangn/stackflow,Weekly,2024-W5,13
daangn/stackflow,Weekly,2024-W51,4
daangn/stackflow,Weekly,2024-W7,10
daangn/stackflow,Weekly,2025-W11,2
daangn/stackflow,Weekly,2025-W13,2
daangn/stackflow,Weekly,2025-W15,2
daangn/stackflow,Weekly,2025-W20,3
daangn/stackflow,Weekly,2025-W22,2
daangn/stackflow,Weekly,2025-W4,5
daangn/stackflow,Weekly,2025-W7,3
daangn/stackflow,Weekly,2025-W9,1
daangn/stackflow,Yearly,2023,16
daangn/stackflow,Yearly,2024,121
daangn/stackflow,Yearly,2025,20
